{"cameraMode":{"drawMode":0,"name":"Shaded","section":"Shading Mode"},"sceneLighting":true,"audioPlay":false,"sceneViewState":{"m_AlwaysRefresh":false,"showFog":true,"showSkybox":true,"showFlares":true,"showImageEffects":true,"showParticleSystems":true,"showVisualEffectGraphs":true,"m_FxEnabled":true},"in2DMode":false,"pivot":{"x":481.41241455078127,"y":17.659578323364259,"z":486.0303039550781},"rotation":{"x":0.07972486317157746,"y":0.006286780349910259,"z":-0.0005117500550113618,"w":0.9968264102935791},"size":1.2124501466751099,"orthographic":false}